name	forward_sequence_barcode	reverse_sequence_barcode
F_Primer_2001,	agagtcttgtccg	ccatcgtaaccga
F_Primer_2002,	gagcctaccttca	cataccgaagcga
F_Primer_2003,	gctaagttacggg	ataggtacagcgg
F_Primer_2004,	ggcgactccataa	cctgatccgtgat
F_Primer_2005,	caggtaagtccga	ttcgcgttggcaa
F_Primer_2006,	gccgcatatcatc	ccgggaaacctat
F_Primer_2007,	ccgtacgaggaaa	cgtttcccctgtt
F_Primer_2008,	ctgacctcgcaaa	cccgtaaatgcga
F_Primer_2009,	tcgcctgctacaa	tcgcattggacca
F_Primer_2010,	cccagttctatgc	cgggtagccgtat
F_Primer_2011,	ggttcagatggtc	tgatgtctggcca
F_Primer_2012,	cggagcatttgtc	ccgctattgggat
F_Primer_2013,	gccaggaacgttt	cggggtcttagaa
F_Primer_2014,	cggcttgagaatc	tggttgctgggtc
F_Primer_2015,	cccgaatgcaaga	ttatcggggtacc
F_Primer_2017,	gtgctctccactt	atgcaacactccg
F_Primer_2018,	ccggttttcacca	agcggtaacccta
F_Primer_2020,	accgctctagttg	cgggacagtatgt
F_Primer_2021,	tgcgctatgtcct	cctagcccagtct
F_Primer_2022,	aacgccatacgtg	cctcgataacagg
F_Primer_2024,	cgctttcagtggt	ctgaaattgcgcg
F_Primer_2025,	cggcttactagca	atctaagcgcgag
F_Primer_2026,	gcaccaacacgac	tcacgtcaactcg
F_Primer_2027,	gtgcccctccaaa	gtccccatttcac
F_Primer_2028,	cggttgaatccct	tgtgagggagagc
F_Primer_2029,	cccattgggtcat	cactccatccagg
F_Primer_2030,	cgtcaccactatc	gggtcatagaacg
F_Primer_2031,	ggtcacttgggct	actaacctaggcc
F_Primer_2032,	accgtgggaaatg	cgccctatcatga
F_Primer_2033,	gtcggattgcttc	cggcaattaacgc
F_Primer_2034,	ccgtcgaaatacc	gcgatacctcagg
F_Primer_2036,	cagatctccttgc	gggcacatgcctt
F_Primer_2037,	atgcatgcctcgc	tccaagaggggaa
F_Primer_2038,	tgaggtaagagcc	acgggtatagggt
F_Primer_2039,	gtctgtagcttcc	gcggtagatcctt
F_Primer_2040,	ctccaggagttgt	gggctctgaccaa
F_Primer_2041,	cgggagggtaaat	ttctgtgttcgcc
F_Primer_2042,	cagaccagacgtt	aaggagaggacct
F_Primer_2043,	cgcaattatgcgg	catcgagcctgct
F_Primer_2044,	gagagcatctccc	tggagtaacctcc
F_Primer_2048,	ggcagatcaagga	cgattctaagccg
F_Primer_2050,	cccgtagttcaga	cccgttgtaaccc
F_Primer_2051,	gcgtgagtgttag	aggcgaatggtct
F_Primer_2052,	ccgcgcatttgtt	ctgcatggacagt
F_Primer_2053,	gccgatgagcttt	accgctttggtag
F_Primer_2054,	gttgcaggaggat	gacgtgtaggcta
F_Primer_2057,	tagccgtctagga	tcgtatcatgggg
F_Primer_2058,	gccgatatgagca	aagtggattggcg
F_Primer_2059,	cgaaacttggtcg	actgagtaggctg
F_Primer_2060,	cgaactcagcatc	gacgactgagcca
F_Primer_2061,	cctacgcatgagt	tcgagccctagta
F_Primer_2063,	gcgttagggatga	gcgtttctgcact
F_Primer_2064,	gtaacaccggcac	ggcaccatgagat
F_Primer_2065,	ccgcgtctttatg	cccactagtgaca
F_Primer_2066,	gcccctttctaga	gccggttagaagg
F_Primer_2067,	cgcatggattggt	cctaccgaacgaa
F_Primer_2069,	ccgggtagtgcat	atttgaagggccg
F_Primer_2070,	agatccgtcctca	tgcctactacgga
F_Primer_2071,	cggacggaacttt	ccgaaggtgctat
F_Primer_2072,	cgcctaaatcggc	cctgggctgaata
F_Primer_2073,	cgcagaagcacta	gggacaggctaac
F_Primer_2075,	gcgaatttcctcg	gcgctagcaaacg
F_Primer_2076,	cggtgaactgact	cagggaaccaagc
F_Primer_2077,	gagactcaggctc	ttaaggaccggcc
F_Primer_2078,	ctcggtgaaagac	cgtgacgcgaact
F_Primer_2079,	gggcaatacgact	ctggctggatcat
F_Primer_2080,	cacctctagactg	gcggtcatcatca
F_Primer_2081,	caagctcctaacg	ccgatcctggata
F_Primer_2082,	cggtcgatatggt	cgtcgcgtaatca
F_Primer_2083,	cgattatcgacgc	gatgcgtccttct
F_Primer_2084,	cagcgtgattacc	gtccgtagccgat
F_Primer_2085,	gctccagacagag	tgtgtaacagccc
F_Primer_2086,	gcgcttttagagg	tgtcgtcacagcc
F_Primer_2087,	cgttcgatcccaa	acctagagcacgt
F_Primer_2088,	tcctactgacgag	aaatcccagcagg
F_Primer_2089,	ggttcaggaaggt	gcgttgcatcgga
F_Primer_2090,	cggtagagtacca	ctgttgtggcttg
F_Primer_2091,	tggtcgctatgcg	gatcctaggagct
F_Primer_2093,	gctattgatgcgc	cgttgttcgaacc
F_Primer_2094,	agcgtaagttccc	gcgtggtccatac
F_Primer_2095,	gggtcactgatct	ggatagtcacctc
F_Primer_2097,	cgcagtacaacga	cgcggttgtagtt
F_Primer_2098,	gtcttgccggaga	attccaccgtgtg
F_Primer_2101,	gctgggaataagc	gcgacgaatgtca
F_Primer_2103,	acgattgacccgt	gtgggtactctcc
F_Primer_2104,	gggaagcgcaact	gcggcgaatattg
F_Primer_2107,	gcttcaagcagtc	ccgatggccaaac
F_Primer_2108,	tttcgggccagaa	gActccacattcc
F_Primer_2109,	tggcaaactacgc	atcataggaccgc
F_Primer_2112,	caccgaTgactcc	cccgttatctagg
F_Primer_2113,	tggcgcagctaca	agagccgatggat
F_Primer_2114,	gggatagctctgg	cctcaggctagat
F_Primer_2115,	atccgagagatgg	atacagaccggtc
F_Primer_2116,	gcaggtattagcc	ggcctgccacata
F_Primer_2117,	acccgtagtctct	tcggtagagtgag
F_Primer_2118,	ttgggacacgtct	ttgcactcgtgga

