Name,Forward,Reverse
No.01,AAACACGTGGCAAACATTCC,ATGCTAGCTGGAACTATCGG
No.02,AAACCGGAGCCATACAGTAC,ATTAGGATTGCGAGCGACAC
No.03,AAAGCACTCTTAGGCCTCTG,ATTAGTACACTCCGTGAGCG
No.04,AAAGGGGCCGTCAATATCAG,ATTCAAGGGTTGGACGACTC
No.05,AAATAAGACGACGACCCTCG,ATTCTCACGACGCAAGATGG
No.06,AACGATGATGCTCACTCTCG,ATTGACGGGAACTACACTCG
No.07,AAGAATTACTGACCCCTCGG,CACTCGATAGGTACAACCGG
No.08,AAGACGATCCGAGCCATTAC,CAGACCTACGGATCTTAGCG
No.09,AAGGAACTATGGCATCGAGC,CCACGAGATAAGAGGATGGC
No.10,AAGGACTGCATACCAGGTTG,CCAGAGCTTAGGGGACATAC
No.11,AAGGATATGTAGACACCGCC,CCCGAGGGGAGAAATATACC
No.12,AAGGCCCAGAAGGATACAAC,CCGAGGGAACCATGATACAG
No.13,AAGGCGCTCGGATAATACTC,CCGGGAGGAAGATATAGCAC
No.14,AAGGTATGTATAGCGACCGC,CCGGTTGTACCTATCGAGTG
No.15,AATAGGAACCTCTTACGCGG,CCGTGCGACAAGATTTCAAG
No.16,AATATCACGCAAAAGCACCG,CCTTTAACAGGACATGCAGC
No.17,AATCAGTTTCTTTGGCAGCC,CGAACGCAAAAGTCCTCAAG
No.18,AATGCAAAGCTATTAGCGCG,CGATAGAACGACCAGGTAGC
No.19,AATGCGTCATTTTACACGGC,CGGATCGAACTTAGGTAGCC
No.20,AATGTCCTTAGGCAGTCGTC,CGGGAGGAAGTCTTTAGACC
No.21,ACAACGAGCAGACCGAATAG,CTAATATCCCTGAGCGACGG
No.22,ACAAGGAGTCGGCATATCAC,CTAGGGAACCAGGCTTAACG
No.23,ACAGAACGAACAGGCACTAC,CTAGGGGATGGTCCAATACG
No.24,ACAGGAAGCAAGGTATACGC,CTATAGAATCCGGGCTGGTC
No.25,ACAGGGTATATTGAGTGCCC,CTGCTAGGGGCTACTTATCG
No.26,ACATAAGCGATCCCAAGGTC,GAAAAGTCCCAATGAGTGCC
No.27,ACATCGCATACCAGAACAGG,GAAGTGGTTTGCCTAAACGC
No.28,ACATTAAATTTCGCCGTGGC,GACCATGCAAGGAGAGGTAC
No.29,ACCACAGGTCAAGATTCACG,GATACATAGACTTGGCCCCG
No.30,ACCCGTATCGCATAAGGATG,GCACGCAAAAGGACATAACC
No.31,ACGAGATGATGCACCGATAG,GCAGCGTTTTAGCCTACAAG
No.32,ACGATGGGGACATAGAACAC,GCATAAAGTTGACAGGCCAG
No.33,ACGGAGCCCTTATTGTAACC,GCTAAATAGAGGGAAGCCCC
No.34,ACGTATGGGGAACACTACAC,GGAAAACTAAGACAAGGCGC
No.35,ACGTGAAACTGTATCGAGCC,GGAAACAATAACCATCGGCG
No.36,ACGTTCAGTTTTCCAATGGC,GGGCACCGATTAAGAAATGC
No.37,ACTAGATTAGCAAGGCACCC,GGGTTGTCTCCTCTGATAGC
No.38,ACTGGACCCAATAAAAGGCC,GTACTCAGAGATTGCCGGAG
No.39,ACTTCGATTGGCAAGGACTG,GTATAAGATCAGCCGGACCC
No.40,AGAACATAGCATTCACGGGG,GTATGTCGGCTCTCGTATCG
No.41,AGACAACAATCTGAGGCTGG,GTTCAGAGGTACGAACCCTC
No.42,AGACAAGCCTTAACCGTAGG,GTTGCATCTAAGCCAAGTGC
No.43,AGACACAAGGCTGATTCCAG,TAAAGAGAGGGCGTCCAATC
No.44,AGACATGGGATTGACCACAC,TAACGACGTGCCGAACTTAG
No.45,AGAGAGGCATGATTGACCTC,TAAGATAGCACCACGGATGG
No.46,AGAGTTGCACCTAGAATCCG,TAAGGATTCATCAGGTGCGC
No.47,AGATAGATGCTCCGTCAAGC,TAAGGGACGATGCTTAACCC
No.48,AGATAGTCACGCACAAGACC,TACCACGAAATGCACAGGAG
No.49,AGATTAGCCGACTTTCCTGG,TACTGATAATTCGGACGCCC
No.50,AGATTAGCTGCCGATACTGG,TACTTGAATACCACGTGGCC
No.51,AGATTGTTACTCCGACGGAC,TAGCCAGGCAAAAGAGATCC
No.52,AGATTTCCGACGAGATTCCC,TAGCTCGATAATCAAGGGGC
No.53,AGCATCCGTCTAAATCTCGG,TAGTGACCTAATGCCATGGG
No.54,AGCTATAAGAATTGCCGGGC,TAGTTGAGAACACGAACCCG
No.55,AGCTATGATCCCGGTGTAAC,TATAACAGGCTGCTGAGACC
No.56,AGCTCAATCTAACAGTGGGG,TATACTGAAGAACGGCCCAG
No.57,AGGACACCAGACCAATGAAG,TATCAATCCGGAACCAGTGC
No.58,AGGGCTAATTACCATCAGCG,TATCACGGAAGGACTCAACG
No.59,AGGTGATCTGACGAATGTCC,TCAAAGGAGCACGAACCTAC
No.60,AGTAAAGCATAGTGCCCAGC,TCAAGGTCCGTTATGGAACC
No.61,AGTAGTATCCGAATCGCTGC,TCACATAGAAGGACATGGCG
No.62,AGTATCTCAGCAAGGGCAAC,TCACTTGGTATCGAGAACGG
No.63,AGTATTAGGCGTCAAGGTCC,TCAGCCTTTCATTGATTGCG
No.64,AGTATTCTTACAGCCAGCCG,TCATCGACAAGATACAGGCG
No.65,AGTATTGCCGGACTAAACCC,TCCAATTATACGGAGCAGGC
No.66,AGTCCCAAGTTCAGACGTAC,TCGAATATGCTGTAACCCCG
No.67,AGTCCGACACAATGTGACAC,TCGACCAGGTTATCATGAGC
No.68,AGTGAACTGACCGAATCCTC,TCGAGACAAGAACGATTCCC
No.69,AGTGGTCTGTAAACCGTACC,TCTAGGACTATCACCGGAGG
No.70,AGTGTTTTCCATTTTCCGCG,TCTTCATAAGCCAGAGTGCC
No.71,AGTTATAAGGGTCCGATGCC,TCTTGCGATAGACACAAGCC
No.72,AGTTGCAGTATCTAACCCGC,TGAGCCATAAAAGCAAAGCG
No.73,AGTTGTAATATCACCCGCGC,TGAGCGCAGAACTATCAGAC
No.74,ATACGTGGCTAGCATGAGAC,TGCATAGTATCCCAACAGGG
No.75,ATACTGTAAGAACCACGCGG,TGCCAAAGGGTAGAGACATC
No.76,ATAGATCATGTCGGCAGTCG,TGCTGAATGAGAAACCTCGG
No.77,ATAGATGGTGCCTACATGCG,TGGGGACGACTTATAATGCC
No.78,ATCACAACAAAGGACGGGTC,TGTGGACCCTATCAAACGAG
No.79,ATCAGACAACACAGAGGCTG,TTAGCTCAGGTCCAAAGTCC
No.80,ATCCAGGAGGTCTAGGAACC,TTAGTAGGCAAGCATACCCG
No.81,ATCCTAGAAAAGGCGAAGGC,TTCGGGAGCGGATTATACAC
No.82,ATGCCATGACGACAACTAGC,TTCTGGGACTGGATAACACG